Datetime,Water Level (m)
2025-06-19 12:00:00,0.29169932
2025-06-19 13:00:00,0.020457555
2025-06-19 14:00:00,-0.19780782
2025-06-19 15:00:00,-0.31728464
2025-06-19 16:00:00,-0.2981594
2025-06-19 17:00:00,-0.1499929
2025-06-19 18:00:00,0.09702959
2025-06-19 19:00:00,0.3682821
2025-06-19 20:00:00,0.6120136
2025-06-19 21:00:00,0.75280833
2025-06-19 22:00:00,0.775078
2025-06-19 23:00:00,0.6895501
2025-06-20 00:00:00,0.5193255
2025-06-20 01:00:00,0.2969684
2025-06-20 02:00:00,0.09549645
2025-06-20 03:00:00,-0.041108914
2025-06-20 04:00:00,-0.07045844
2025-06-20 05:00:00,0.0053792503
2025-06-20 06:00:00,0.17041488
2025-06-20 07:00:00,0.3972519
2025-06-20 08:00:00,0.611624
2025-06-20 09:00:00,0.74079233
2025-06-20 10:00:00,0.77536935
2025-06-20 11:00:00,0.69003683
2025-06-20 12:00:00,0.49762604
2025-06-20 13:00:00,0.22983189
2025-06-20 14:00:00,-0.04382297
2025-06-20 15:00:00,-0.26613644
2025-06-20 16:00:00,-0.3798066
2025-06-20 17:00:00,-0.3575231
2025-06-20 18:00:00,-0.2081735
2025-06-20 19:00:00,0.043805648
2025-06-20 20:00:00,0.34966236
2025-06-20 21:00:00,0.62192786
2025-06-20 22:00:00,0.8006389
2025-06-20 23:00:00,0.8705235
2025-06-21 00:00:00,0.80828285
2025-06-21 01:00:00,0.631685
2025-06-21 02:00:00,0.39440545
2025-06-21 03:00:00,0.17203313
2025-06-21 04:00:00,0.020749219
2025-06-21 05:00:00,-0.054212898
2025-06-21 06:00:00,-0.009328338
2025-06-21 07:00:00,0.1518649
2025-06-21 08:00:00,0.35892764
2025-06-21 09:00:00,0.5708513
2025-06-21 10:00:00,0.7267451
2025-06-21 11:00:00,0.7788678
2025-06-21 12:00:00,0.70721847
2025-06-21 13:00:00,0.50413436
2025-06-21 14:00:00,0.22884153
2025-06-21 15:00:00,-0.064895235
2025-06-21 16:00:00,-0.30742127
2025-06-21 17:00:00,-0.42947724
2025-06-21 18:00:00,-0.39701477
2025-06-21 19:00:00,-0.24167275
2025-06-21 20:00:00,0.05597686
2025-06-21 21:00:00,0.3939461
2025-06-21 22:00:00,0.6902726
2025-06-21 23:00:00,0.89963824
2025-06-22 00:00:00,0.97792417
2025-06-22 01:00:00,0.90062165
2025-06-22 02:00:00,0.7138616
2025-06-22 03:00:00,0.44516346
2025-06-22 04:00:00,0.17374873
2025-06-22 05:00:00,-0.044098515
2025-06-22 06:00:00,-0.15171598
2025-06-22 07:00:00,-0.10916969
2025-06-22 08:00:00,0.050047528
2025-06-22 09:00:00,0.29063565
2025-06-22 10:00:00,0.5336482
2025-06-22 11:00:00,0.7104224
2025-06-22 12:00:00,0.78047025
2025-06-22 13:00:00,0.701557
2025-06-22 14:00:00,0.49969015
2025-06-22 15:00:00,0.20211887
2025-06-22 16:00:00,-0.10427097
2025-06-22 17:00:00,-0.3605807
2025-06-22 18:00:00,-0.485281
2025-06-22 19:00:00,-0.45536026
2025-06-22 20:00:00,-0.25098723
2025-06-22 21:00:00,0.07915954
2025-06-22 22:00:00,0.4494687
2025-06-22 23:00:00,0.7839714
2025-06-23 00:00:00,1.0208019
2025-06-23 01:00:00,1.1085001
2025-06-23 02:00:00,1.0179695
2025-06-23 03:00:00,0.79046935
2025-06-23 04:00:00,0.48082054
2025-06-23 05:00:00,0.15865213
2025-06-23 06:00:00,-0.08678911
2025-06-23 07:00:00,-0.21132466
2025-06-23 08:00:00,-0.17821544
2025-06-23 09:00:00,0.0001032442
2025-06-23 10:00:00,0.26116267
2025-06-23 11:00:00,0.52752465
2025-06-23 12:00:00,0.7296121
2025-06-23 13:00:00,0.79949623
2025-06-23 14:00:00,0.72648215
2025-06-23 15:00:00,0.5080365
2025-06-23 16:00:00,0.19838786
2025-06-23 17:00:00,-0.1361029
2025-06-23 18:00:00,-0.39282647
2025-06-23 19:00:00,-0.5227418
2025-06-23 20:00:00,-0.4570759
2025-06-23 21:00:00,-0.21149601
2025-06-23 22:00:00,0.1407527
2025-06-23 23:00:00,0.538154
2025-06-24 00:00:00,0.8981905
2025-06-24 01:00:00,1.1400745
2025-06-24 02:00:00,1.205697
2025-06-24 03:00:00,1.0868005
2025-06-24 04:00:00,0.823628
2025-06-24 05:00:00,0.4682862
2025-06-24 06:00:00,0.11618125
2025-06-24 07:00:00,-0.15155089
2025-06-24 08:00:00,-0.2897039
2025-06-24 09:00:00,-0.24332674
2025-06-24 10:00:00,-0.04645324
2025-06-24 11:00:00,0.2508867
2025-06-24 12:00:00,0.5433836
2025-06-24 13:00:00,0.76143426
2025-06-24 14:00:00,0.8219771
2025-06-24 15:00:00,0.7217431
2025-06-24 16:00:00,0.47342655
2025-06-24 17:00:00,0.13124765
2025-06-24 18:00:00,-0.21284543
2025-06-24 19:00:00,-0.46319157
2025-06-24 20:00:00,-0.5622061
2025-06-24 21:00:00,-0.47084564
2025-06-24 22:00:00,-0.1866319
2025-06-24 23:00:00,0.20764129
2025-06-25 00:00:00,0.6366872
2025-06-25 01:00:00,1.0061673
2025-06-25 02:00:00,1.2345173
2025-06-25 03:00:00,1.2633947
2025-06-25 04:00:00,1.1034992
2025-06-25 05:00:00,0.7858507
2025-06-25 06:00:00,0.39040545
2025-06-25 07:00:00,0.010408536
2025-06-25 08:00:00,-0.26748705
2025-06-25 09:00:00,-0.38083565
2025-06-25 10:00:00,-0.29603428
2025-06-25 11:00:00,-0.06203817
2025-06-25 12:00:00,0.26706544
